provincia,recaudado_2025,recaudado_2026,variacion_pct,vigilada,periodo,fecha_captura,fuente
ZAMORA CHINCHIPE,567871427.23,933456385.14,64.4,False,enero–mes 8 · 2026 vs 2025,2026-09-30 21:33,"SRI · Recaudación mensual (respaldo del profesor, 30-sep-2026)"
EL ORO,221318143.38,332083392.05,50.0,True,enero–mes 8 · 2026 vs 2025,2026-09-30 21:33,"SRI · Recaudación mensual (respaldo del profesor, 30-sep-2026)"
NAPO,15294019.56,20394991.32,33.4,False,enero–mes 8 · 2026 vs 2025,2026-09-30 21:33,"SRI · Recaudación mensual (respaldo del profesor, 30-sep-2026)"
CARCHI,18425732.41,24059025.47,30.6,False,enero–mes 8 · 2026 vs 2025,2026-09-30 21:33,"SRI · Recaudación mensual (respaldo del profesor, 30-sep-2026)"
TUNGURAHUA,225112129.37,276371195.68,22.8,False,enero–mes 8 · 2026 vs 2025,2026-09-30 21:33,"SRI · Recaudación mensual (respaldo del profesor, 30-sep-2026)"
MORONA SANTIAGO,25247540.799999997,30927923.73,22.5,False,enero–mes 8 · 2026 vs 2025,2026-09-30 21:33,"SRI · Recaudación mensual (respaldo del profesor, 30-sep-2026)"
CAÑAR,31450037.69,37968357.02,20.7,False,enero–mes 8 · 2026 vs 2025,2026-09-30 21:33,"SRI · Recaudación mensual (respaldo del profesor, 30-sep-2026)"
SANTO DOMINGO DE LOS TSÁCHILAS,85471028.95,101750844.19,19.0,False,enero–mes 8 · 2026 vs 2025,2026-09-30 21:33,"SRI · Recaudación mensual (respaldo del profesor, 30-sep-2026)"
CHIMBORAZO,60641153.48,71375013.55,17.7,False,enero–mes 8 · 2026 vs 2025,2026-09-30 21:33,"SRI · Recaudación mensual (respaldo del profesor, 30-sep-2026)"
AZUAY,629240950.9300001,740119175.14,17.6,True,enero–mes 8 · 2026 vs 2025,2026-09-30 21:33,"SRI · Recaudación mensual (respaldo del profesor, 30-sep-2026)"
ORELLANA,47482972.120000005,55557738.6,17.0,False,enero–mes 8 · 2026 vs 2025,2026-09-30 21:33,"SRI · Recaudación mensual (respaldo del profesor, 30-sep-2026)"
GALAPAGOS,28659864.32,33087641.79,15.4,False,enero–mes 8 · 2026 vs 2025,2026-09-30 21:33,"SRI · Recaudación mensual (respaldo del profesor, 30-sep-2026)"
MANABI,294314370.69,338540607.22,15.0,True,enero–mes 8 · 2026 vs 2025,2026-09-30 21:33,"SRI · Recaudación mensual (respaldo del profesor, 30-sep-2026)"
GUAYAS,4456644688.62,5076124840.13,13.9,True,enero–mes 8 · 2026 vs 2025,2026-09-30 21:33,"SRI · Recaudación mensual (respaldo del profesor, 30-sep-2026)"
COTOPAXI,132865097.76,150994998.51999998,13.6,False,enero–mes 8 · 2026 vs 2025,2026-09-30 21:33,"SRI · Recaudación mensual (respaldo del profesor, 30-sep-2026)"
PICHINCHA,7076227397.06,8026446569.33,13.4,True,enero–mes 8 · 2026 vs 2025,2026-09-30 21:33,"SRI · Recaudación mensual (respaldo del profesor, 30-sep-2026)"
SUCUMBIOS,26471219.35,29958438.22,13.2,False,enero–mes 8 · 2026 vs 2025,2026-09-30 21:33,"SRI · Recaudación mensual (respaldo del profesor, 30-sep-2026)"
LOJA,74801174.25,84009328.41,12.3,False,enero–mes 8 · 2026 vs 2025,2026-09-30 21:33,"SRI · Recaudación mensual (respaldo del profesor, 30-sep-2026)"
BOLIVAR,12359977.56,13858803.67,12.1,False,enero–mes 8 · 2026 vs 2025,2026-09-30 21:33,"SRI · Recaudación mensual (respaldo del profesor, 30-sep-2026)"
IMBABURA,87139568.73,97078120.28,11.4,False,enero–mes 8 · 2026 vs 2025,2026-09-30 21:33,"SRI · Recaudación mensual (respaldo del profesor, 30-sep-2026)"
ESMERALDAS,48890225.67,53318453.99,9.1,False,enero–mes 8 · 2026 vs 2025,2026-09-30 21:33,"SRI · Recaudación mensual (respaldo del profesor, 30-sep-2026)"
LOS RIOS,89941458.98,96827320.17999999,7.7,False,enero–mes 8 · 2026 vs 2025,2026-09-30 21:33,"SRI · Recaudación mensual (respaldo del profesor, 30-sep-2026)"
SANTA ELENA,40297081.45,42745978.92,6.1,False,enero–mes 8 · 2026 vs 2025,2026-09-30 21:33,"SRI · Recaudación mensual (respaldo del profesor, 30-sep-2026)"
PASTAZA,16545869.23,15860066.31,-4.1,False,enero–mes 8 · 2026 vs 2025,2026-09-30 21:33,"SRI · Recaudación mensual (respaldo del profesor, 30-sep-2026)"
