anio,valor,indicador,codigo,fuente,fecha_captura
2003,8.60329531245132,Morosidad bancaria (% de la cartera),FB.AST.NPER.ZS,Banco Mundial,2026-09-30 21:34
2004,6.57313325180524,Morosidad bancaria (% de la cartera),FB.AST.NPER.ZS,Banco Mundial,2026-09-30 21:34
2005,5.12207636867638,Morosidad bancaria (% de la cartera),FB.AST.NPER.ZS,Banco Mundial,2026-09-30 21:34
2006,3.96715372108971,Morosidad bancaria (% de la cartera),FB.AST.NPER.ZS,Banco Mundial,2026-09-30 21:34
2007,3.73938932677987,Morosidad bancaria (% de la cartera),FB.AST.NPER.ZS,Banco Mundial,2026-09-30 21:34
2008,3.46270685310385,Morosidad bancaria (% de la cartera),FB.AST.NPER.ZS,Banco Mundial,2026-09-30 21:34
2009,3.98952864129455,Morosidad bancaria (% de la cartera),FB.AST.NPER.ZS,Banco Mundial,2026-09-30 21:34
2010,3.17435628301061,Morosidad bancaria (% de la cartera),FB.AST.NPER.ZS,Banco Mundial,2026-09-30 21:34
2011,2.98883002457982,Morosidad bancaria (% de la cartera),FB.AST.NPER.ZS,Banco Mundial,2026-09-30 21:34
2012,3.73387908750774,Morosidad bancaria (% de la cartera),FB.AST.NPER.ZS,Banco Mundial,2026-09-30 21:34
2013,3.74911169117027,Morosidad bancaria (% de la cartera),FB.AST.NPER.ZS,Banco Mundial,2026-09-30 21:34
2014,3.85374981759959,Morosidad bancaria (% de la cartera),FB.AST.NPER.ZS,Banco Mundial,2026-09-30 21:34
2015,4.50148720694906,Morosidad bancaria (% de la cartera),FB.AST.NPER.ZS,Banco Mundial,2026-09-30 21:34
2016,4.18541726575774,Morosidad bancaria (% de la cartera),FB.AST.NPER.ZS,Banco Mundial,2026-09-30 21:34
2017,3.22680674472081,Morosidad bancaria (% de la cartera),FB.AST.NPER.ZS,Banco Mundial,2026-09-30 21:34
2018,2.83749397653478,Morosidad bancaria (% de la cartera),FB.AST.NPER.ZS,Banco Mundial,2026-09-30 21:34
2019,3.18055363881047,Morosidad bancaria (% de la cartera),FB.AST.NPER.ZS,Banco Mundial,2026-09-30 21:34
2020,3.25183007000788,Morosidad bancaria (% de la cartera),FB.AST.NPER.ZS,Banco Mundial,2026-09-30 21:34
2021,3.15093987493153,Morosidad bancaria (% de la cartera),FB.AST.NPER.ZS,Banco Mundial,2026-09-30 21:34
2022,3.15605064100262,Morosidad bancaria (% de la cartera),FB.AST.NPER.ZS,Banco Mundial,2026-09-30 21:34
2023,4.72096477321848,Morosidad bancaria (% de la cartera),FB.AST.NPER.ZS,Banco Mundial,2026-09-30 21:34
2024,4.81981805957318,Morosidad bancaria (% de la cartera),FB.AST.NPER.ZS,Banco Mundial,2026-09-30 21:34
2025,4.45196864610921,Morosidad bancaria (% de la cartera),FB.AST.NPER.ZS,Banco Mundial,2026-09-30 21:34
2002,19.0719396318142,Crédito al sector privado (% del PIB),FS.AST.PRVT.GD.ZS,Banco Mundial,2026-09-30 21:34
2003,18.0551202336506,Crédito al sector privado (% del PIB),FS.AST.PRVT.GD.ZS,Banco Mundial,2026-09-30 21:34
2004,20.5413980220229,Crédito al sector privado (% del PIB),FS.AST.PRVT.GD.ZS,Banco Mundial,2026-09-30 21:34
2005,21.9843010481258,Crédito al sector privado (% del PIB),FS.AST.PRVT.GD.ZS,Banco Mundial,2026-09-30 21:34
2006,22.3312165490477,Crédito al sector privado (% del PIB),FS.AST.PRVT.GD.ZS,Banco Mundial,2026-09-30 21:34
2007,23.3804598593846,Crédito al sector privado (% del PIB),FS.AST.PRVT.GD.ZS,Banco Mundial,2026-09-30 21:34
2008,23.9648755618427,Crédito al sector privado (% del PIB),FS.AST.PRVT.GD.ZS,Banco Mundial,2026-09-30 21:34
2009,24.8896332211154,Crédito al sector privado (% del PIB),FS.AST.PRVT.GD.ZS,Banco Mundial,2026-09-30 21:34
2010,27.0843336858919,Crédito al sector privado (% del PIB),FS.AST.PRVT.GD.ZS,Banco Mundial,2026-09-30 21:34
2011,27.5915486903939,Crédito al sector privado (% del PIB),FS.AST.PRVT.GD.ZS,Banco Mundial,2026-09-30 21:34
2012,28.44437278344,Crédito al sector privado (% del PIB),FS.AST.PRVT.GD.ZS,Banco Mundial,2026-09-30 21:34
2013,28.5522332055412,Crédito al sector privado (% del PIB),FS.AST.PRVT.GD.ZS,Banco Mundial,2026-09-30 21:34
2014,29.208430980274,Crédito al sector privado (% del PIB),FS.AST.PRVT.GD.ZS,Banco Mundial,2026-09-30 21:34
2015,29.9362613682185,Crédito al sector privado (% del PIB),FS.AST.PRVT.GD.ZS,Banco Mundial,2026-09-30 21:34
2016,31.5046558000332,Crédito al sector privado (% del PIB),FS.AST.PRVT.GD.ZS,Banco Mundial,2026-09-30 21:34
2017,34.2208461040213,Crédito al sector privado (% del PIB),FS.AST.PRVT.GD.ZS,Banco Mundial,2026-09-30 21:34
2018,38.3374947486699,Crédito al sector privado (% del PIB),FS.AST.PRVT.GD.ZS,Banco Mundial,2026-09-30 21:34
2019,42.6915820194147,Crédito al sector privado (% del PIB),FS.AST.PRVT.GD.ZS,Banco Mundial,2026-09-30 21:34
2020,49.0557050652741,Crédito al sector privado (% del PIB),FS.AST.PRVT.GD.ZS,Banco Mundial,2026-09-30 21:34
2021,49.7533981232754,Crédito al sector privado (% del PIB),FS.AST.PRVT.GD.ZS,Banco Mundial,2026-09-30 21:34
2022,52.3799487703168,Crédito al sector privado (% del PIB),FS.AST.PRVT.GD.ZS,Banco Mundial,2026-09-30 21:34
2023,54.654544984531,Crédito al sector privado (% del PIB),FS.AST.PRVT.GD.ZS,Banco Mundial,2026-09-30 21:34
2024,56.5769942262981,Crédito al sector privado (% del PIB),FS.AST.PRVT.GD.ZS,Banco Mundial,2026-09-30 21:34
2025,58.8742627097159,Crédito al sector privado (% del PIB),FS.AST.PRVT.GD.ZS,Banco Mundial,2026-09-30 21:34
